Company,Industry,Website,Company Linkedin Url,Company City
HVM Law Firm,law practice,http://www.hvmlawpc.com,http://www.linkedin.com/company/hvm-law-firm,Los Angeles
"Sagacity Legal, PLLC",law practice,http://www.sagacitylegal.com,http://www.linkedin.com/company/sagacitylegal,Palm Beach Gardens
"Innovent Law - Patents, Trademarks, and Copyrights",law practice,http://www.innoventlaw.com,http://www.linkedin.com/company/innoventlaw,Aliso Viejo
Texas Defense Lawyer,law practice,http://www.richardsonlaw.us,http://www.linkedin.com/company/dallas-dwi-lawyer,Plano
Trial Lawyer Nation,law practice,http://www.triallawyernation.com,http://www.linkedin.com/company/trial-lawyer-nation,San Antonio
"KEW Legal, P.A.",law practice,http://www.kewlegal.com,http://www.linkedin.com/company/kew-legal-p-a,Sunny Isles Beach
Foreman Law,legal services,http://www.goforemanlaw.com,http://www.linkedin.com/company/foreman-law,Wichita
"Chaykin Law Group, P.A.",law practice,http://www.chaykinlawgroup.com,http://www.linkedin.com/company/chaykin-law-group-p-a-,Wellington
IHR Legal Law Firm,law practice,http://www.ihr.legal,http://www.linkedin.com/company/ihr-legal-law-firm,Washington
"Tetzel Law, LLC",law practice,http://www.tetzellaw.com,http://www.linkedin.com/company/tetzel-law-llc,Boston
Alisme Law LLC,law practice,http://www.alismelaw.com,http://www.linkedin.com/company/alismelawllc,New York
DLx Law,law practice,http://www.dlxlaw.com,http://www.linkedin.com/company/dlx-law-llp,New York
Sanctions Expert,law practice,http://www.sanctionsexpert.com,http://www.linkedin.com/company/sanctionsexpert-com,Washington
"Elizabeth L. Carter, Esq., LLC",law practice,http://www.elcesq.com,http://www.linkedin.com/company/elcesq,Chicago
"Yakovee Law, P.A.",law practice,http://www.yakovee.com,http://www.linkedin.com/company/yakovee-law,Miami
Continental Law Group,law practice,http://www.continentallawgroup.com,http://www.linkedin.com/company/continental-law-group-llc,Boston
Law Offices of Rachel Kaylie,law practice,http://www.kaylielaw.com,http://www.linkedin.com/company/law-offices-of-rachel-kaylie,New York
Commerce Law Partners,legal services,http://www.commercelawpartners.com,http://www.linkedin.com/company/commercelawpartners,Dallas
Georgetown Law Black Law Students Association,law practice,http://www.georgetownblsa.com,http://www.linkedin.com/company/georgetown-law-black-law-students-association,Washington
Rider Justice,law practice,http://www.riderjustice.com,http://www.linkedin.com/company/rider-justice1,Denver
BLAKE & WANG P.A.,law practice,http://www.filmtvlaw.com,http://www.linkedin.com/company/blake-&-wang-p-a-,Los Angeles
Truax Law Group,law practice,http://www.truaxlawgroup.com,http://www.linkedin.com/company/truax-law-group,Avon
"Hall Benefits Law, LLC",law practice,http://www.hallbenefitslaw.com,http://www.linkedin.com/company/hall-benefits-law-llc,Atlanta
SCG Legal,legal services,http://www.scglegal.com,http://www.linkedin.com/company/scg-legal,Washington
"Dhillon Immigration Law, Canadian Immigration Law Firm",law practice,http://www.dhillonimmigration.com,http://www.linkedin.com/company/dhillon-immigration-law,Seattle
Seppinni Law,law practice,http://www.seppinnilaw.com,http://www.linkedin.com/company/seppinni-law,New York
"Law Offices of Luis Fernandez, P.A.",law practice,http://www.luisfernandezlaw.com,http://www.linkedin.com/company/luisfernandezpa,Miami
MLE Law,law practice,http://www.mlelawfirm.com,http://www.linkedin.com/company/mle-law,Fort Lauderdale
"Cruz Legal Firm, PLLC",law practice,http://www.cruzpllc.com,http://www.linkedin.com/company/cruz-legal-firm-pllc,Coral Gables
Myers Immigration Law,legal services,http://www.myersimmigration.com,http://www.linkedin.com/company/myers-immigration-law,San Antonio
"Tenenbaum Law, PC - Tax Attorneys",law practice,http://www.litaxattorney.com,http://www.linkedin.com/company/tenenbaum-law-pc,Melville
Avid Legal PLLC,law practice,http://www.avid.law,http://www.linkedin.com/company/avidlegalpllc,Miami
McKINNON LEGAL,law practice,http://www.mckinnon-legal.com,http://www.linkedin.com/company/mckinnon-legal,Miramar
Kader Law,law practice,http://www.kaderlaw.com,http://www.linkedin.com/company/kaderlaw,Washington
J S Lopez Law Firm,law practice,http://www.jslopez.com,http://www.linkedin.com/company/j-s-lopez-law-p.c.,Houston
"VAdam Law, PLLC",legal services,http://www.vadamlaw.com,http://www.linkedin.com/company/vadam-law-pllc,Fort Lauderdale
CORPlaw.us | Legal solutions for cutting-edge business owners,law practice,http://www.corplaw.us,http://www.linkedin.com/company/corplaw-us,Miami
Texas Young Lawyers Association,law practice,http://www.tyla.org,http://www.linkedin.com/company/texasyounglawyersassociation,Austin
National Employment Law Council | NELC,law practice,http://www.nelc-law.org,http://www.linkedin.com/company/nelc,Columbus
Cultiva Law,legal services,http://www.cultivalaw.com,http://www.linkedin.com/company/cultiva-law,Seattle
"Webber & Egbert Employment Law, P.C.",law practice,http://www.webberlawgroup.com,http://www.linkedin.com/company/webber-law-group-p-c,Sacramento
Red Cave Law Firm Consulting,law practice,http://www.redcavelegal.com,http://www.linkedin.com/company/red-cave-legal,Boston
"The Saade Law Firm, P.A.",law practice,http://www.saadelaw.com,http://www.linkedin.com/company/the-saade-law-firm-p-a,Coral Gables
DUMÉ Law Group,law practice,http://www.dumelaw.com,http://www.linkedin.com/company/dum%c3%a9-law-group,West New York
Summit Health Law Partners,law practice,http://www.barrettsingal.com,http://www.linkedin.com/company/barrett-singal,Boston
Rise Up Legal | Attorneys-at-Law,law practice,http://www.riseuplegal.com,http://www.linkedin.com/company/cainlaw,Jacksonville Beach
Primum Law Group PC,law practice,http://www.primumlaw.com,http://www.linkedin.com/company/primum-law-group,San Francisco
"Cohen Law Firm, PLLC Dental Law Firm",law practice,http://www.cohenlawfirmpllc.com,http://www.linkedin.com/company/cohen-law-firm-pllc,Kirkland
"Krupp Law Firm, LLC",law practice,http://www.krupplawfirm.com,http://www.linkedin.com/company/krupp-law-firm-llc,St. Louis
Tarlton Law PLLC,law practice,http://www.tarltonfirm.com,http://www.linkedin.com/company/tarlton-law-firm,Raleigh
Fey|LLC - Attorneys at Law,law practice,http://www.feyllc.com,http://www.linkedin.com/company/fey-llc,Leawood
"Wright Law Group, PLLC",law practice,http://www.replevin.com,http://www.linkedin.com/company/wright-law-group-pllc,Los Angeles
"Justice Law Collaborative, LLC",law practice,http://www.justicelawcollaborative.com,http://www.linkedin.com/company/justice-law-collaborative-llc,Easton
Civil Liberties Defense Center,law practice,http://www.cldc.org,http://www.linkedin.com/company/cldc,Eugene
Eric Apple Law PLLC,law practice,http://www.ericapplelaw.com,http://www.linkedin.com/company/eric-apple-law-pllc,New York
"Greg Greenberg Law, PLLC",law practice,http://www.gglawusa.com,http://www.linkedin.com/company/gglawusa,Atlanta
"Wolf Law, PLLC",law practice,http://www.wolflawpllc.com,http://www.linkedin.com/company/wolf-law,Dallas
"Kelley Clarke, PC",law practice,http://www.kelleyclarkelaw.com,http://www.linkedin.com/company/kelleyclarkelaw,Prosper
"Willens & Baez Personal Injury Lawyers, P.C.",law practice,http://www.willenslaw.com,http://www.linkedin.com/company/willens-law-offices,Chicago
La Rosa Law,law practice,http://www.larosa-law.com,http://www.linkedin.com/company/la-rosa-law,Miami Lakes
Energy & Mineral Law Foundation,law practice,http://www.emlf.org,http://www.linkedin.com/company/energy-and-mineral-law-foundation,Lexington
Wardenski P.C. | Civil Rights Law,law practice,http://www.wardenskilaw.com,http://www.linkedin.com/company/wardenskipc,New York
Dahl Law Group,law practice,http://www.tqdlaw.com,http://www.linkedin.com/company/dahl-law-group,Sacramento
"Antonoplos & Associates, Attorneys At Law",law practice,http://www.antonlegal.com,http://www.linkedin.com/company/antonoplos-&-associates-attorneys-at-law,Washington
"Koufman Law Group, LLC",law practice,http://www.bostonslitigationteam.com,http://www.linkedin.com/company/koufman-law-group,Boston
Aganna Legal Alliance,law practice,http://www.aganna.com,http://www.linkedin.com/company/aganna,Los Angeles
RDA Legal,law practice,http://www.rdalegal.com,http://www.linkedin.com/company/rda-legal,
Forester Purcell Stowell PC Family Law Attorneys,law practice,http://www.foresterpurcell.com,http://www.linkedin.com/school/pacific-mcgeorge,Folsom
The Town Law LLC,law practice,http://www.thetownlaw.com,http://www.linkedin.com/company/the-town-law-llc,Philadelphia
"Sheryll Law, P.C.",law practice,http://www.sheryll-law.com,http://www.linkedin.com/company/sheryll-law,Riverhead
Justice Catalyst Law,law practice,http://www.catalystlaw.org,http://www.linkedin.com/company/justice-catalyst-law,New York
Westminster & Partners,law practice,http://www.westminsterbharuya.com,http://www.linkedin.com/company/westminstech,New York
"Linkhorst Law Firm, P.A.",law practice,http://www.floridahardhatlaw.com,http://www.linkedin.com/company/linkhorst-hockin,Jupiter
McLeod Law Group A.P.C.,law practice,http://www.mcleodlawgroup.com,http://www.linkedin.com/company/mcleod-law-group-a.p.c.,Del Mar
ACC New York City - Association of Corporate Counsel,legal services,http://www.acc-nyc.com,http://www.linkedin.com/company/accnyc,New York
IBP Immigration Law,law practice,http://www.ibplaw.com,http://www.linkedin.com/company/ibplaw,Orlando
Oakes Law LLC | TheOakesFirm.com,law practice,http://www.theoakesfirm.com,http://www.linkedin.com/company/theoakesfirm,Philadelphia
Trifecta Legal Nurse Consulting,legal services,http://www.trifectalegalnurse.com,http://www.linkedin.com/company/trifectalegalnurseconsulting,Seattle
"Law Office of Parag L. Amin, P.C.",law practice,http://www.lawpla.com,http://www.linkedin.com/company/lawofficeofparagl.aminp.c.,Los Angeles
"The Killino Firm, P.C.",law practice,http://www.killinofirm.com,http://www.linkedin.com/company/the-killino-firm-p.c.,Dothan
Moshes Law P.C.,law practice,http://www.mosheslaw.com,http://www.linkedin.com/company/mosheslaw,New York
Alignment Legal,law practice,http://www.alignmentlegal.com,http://www.linkedin.com/company/alignment-legal,Charlotte
Law Office of John Grasso - Rhode Island Criminal Lawyer,law practice,http://www.johngrassolaw.com,http://www.linkedin.com/company/law-office-of-john-grasso---rhode-island-criminal-lawyer,Providence
Pless Law Firm,law practice,http://www.plesslaw.com,http://www.linkedin.com/company/pless-law-firm-llc,Denver
CEA LEGAL P.C.,law practice,http://www.cealegal.com,http://www.linkedin.com/company/cealegal,New York
,,,,
,,,,
,,,,
,,,,
,,,,
,,,,
,,,,
,,,,